district,gr1_high_price,gr1_avg_price,gr2_high_price,gr2_avg_price,white_high_price,white_avg_price,published_at,created_at,updated_at,url
national,1211.29,1211.29,1250.0,1191.0,1900.0,1683.8,2016-01-05 00:00:00,2024-09-10 08:50:34,2024-09-10 08:50:34,https://exagri.info/mkt/2016/1.05-january-2016.html
national,1220.64,1220.64,1225.0,1194.0,1900.0,1721.8,2016-01-12 00:00:00,2024-09-10 09:00:57,2024-09-10 09:00:57,https://exagri.info/mkt/2016/1.12-january-2016.html
national,1228.77,1228.77,1260.0,1197.67,1900.0,1706.2,2016-01-19 00:00:00,2024-09-10 09:20:50,2024-09-10 09:20:50,https://exagri.info/mkt/2016/1.19.January-2016.html
national,1218.93,1218.93,1250.0,1189.0,2000.0,1732.8,2016-01-26 00:00:00,2024-09-10 09:14:00,2024-09-10 09:14:00,https://exagri.info/mkt/2016/1.26.january-2016.html
national,1194.07,1194.07,1180.0,1143.5,1900.0,1719.6,2016-02-02 00:00:00,2024-09-10 09:16:23,2024-09-10 09:16:23,https://exagri.info/mkt/2016/5.2.february-2016.html
national,1226.5,1226.5,1280.0,1220.5,1900.0,1732.8,2016-03-08 00:00:00,2024-09-10 09:12:14,2024-09-10 09:12:14,https://exagri.info/mkt/2016/10.08.march-2016.html
national,1236.5,1236.5,1270.0,1210.5,1880.0,1719.2,2016-03-15 00:00:00,2024-09-10 08:56:55,2024-09-10 08:56:55,https://exagri.info/mkt/2016/11.15.march-2016.html
national,1240.21,1240.21,1260.0,1207.5,1900.0,1759.0,2016-03-21 00:00:00,2024-09-10 08:58:09,2024-09-10 08:58:09,https://exagri.info/mkt/2016/12.21.march-2016.html
national,1237.43,1237.43,1260.0,1209.5,1905.0,1750.6,2016-03-29 00:00:00,2024-09-10 08:54:10,2024-09-10 08:54:10,https://exagri.info/mkt/2016/13.29.march-2016.html
national,1238.36,1238.36,1290.0,1209.5,1900.0,1753.6,2016-04-05 00:00:00,2024-09-10 08:58:00,2024-09-10 08:58:00,https://exagri.info/mkt/2016/14.05.04.april-2016.html
national,1229.54,1229.54,1280.0,1206.5,1900.0,1740.4,2016-04-19 00:00:00,2024-09-10 09:19:51,2024-09-10 09:19:51,https://exagri.info/mkt/2016/15.19April -2016.html
national,1236.29,1236.29,1250.0,1214.5,2000.0,1760.4,2016-04-26 00:00:00,2024-09-10 08:59:16,2024-09-10 08:59:16,https://exagri.info/mkt/2016/16.26.April-2016.html
national,1249.5,1249.5,1220.0,1179.0,2000.0,1763.2,2016-05-03 00:00:00,2024-09-10 08:50:02,2024-09-10 08:50:02,https://exagri.info/mkt/2016/17.03.may-2016.html
national,1284.75,1284.75,1280.0,1260.0,1950.0,1768.0,2016-05-10 00:00:00,2024-09-10 09:04:49,2024-09-10 09:04:49,https://exagri.info/mkt/2016/18.10.may-2016.html
national,1302.85,1302.85,1275.0,1207.5,2000.0,1801.2,2016-05-17 00:00:00,2024-09-10 09:13:18,2024-09-10 09:13:18,https://exagri.info/mkt/2016/19.17.may-2016.html
national,1318.14,1318.14,1300.0,1261.5,2200.0,1848.6,2016-05-24 00:00:00,2024-09-10 08:58:05,2024-09-10 08:58:05,https://exagri.info/mkt/2016/20.24.may-2016.html
national,1327.92,1327.92,1325.0,1275.0,2000.0,1816.25,2016-05-31 00:00:00,2024-09-10 09:11:31,2024-09-10 09:11:31,https://exagri.info/mkt/2016/21.31.may-2016.html
national,1377.93,1377.93,1350.0,1291.0,2200.0,1854.8,2016-06-07 00:00:00,2024-09-10 09:07:07,2024-09-10 09:07:07,https://exagri.info/mkt/2016/22.07.june-2016.html
national,1374.64,1374.64,1350.0,1318.5,2000.0,1843.4,2016-06-14 00:00:00,2024-09-10 08:55:13,2024-09-10 08:55:13,https://exagri.info/mkt/2016/23.14.june-2016.html
national,1347.0,1347.0,1340.0,1301.67,2000.0,1825.2,2016-06-21 00:00:00,2024-09-10 09:14:19,2024-09-10 09:14:19,https://exagri.info/mkt/2016/24.21.june-2016.html
national,1311.14,1311.14,1330.0,1294.0,2000.0,1822.0,2016-06-28 00:00:00,2024-09-10 09:12:28,2024-09-10 09:12:28,https://exagri.info/mkt/2016/25.28.June-2016.html
national,824.58,824.58,860.0,662.0,1900.0,1670.0,2016-07-04 00:00:00,2024-09-10 09:17:56,2024-09-10 09:17:56,https://exagri.info/mkt/2017/04.07.2017.html
national,1290.79,1290.79,1330.0,1287.0,2000.0,1845.8,2016-07-04 00:00:00,2024-09-10 08:57:27,2024-09-10 08:57:27,https://exagri.info/mkt/2016/26.04.July-2016.html
national,1280.54,1280.54,1250.0,1227.0,1950.0,1814.4,2016-07-12 00:00:00,2024-09-10 09:19:07,2024-09-10 09:19:07,https://exagri.info/mkt/2016/27.12.July-2016.html
national,1275.21,1275.21,1250.0,1238.5,2000.0,1806.0,2016-07-18 00:00:00,2024-09-10 09:14:32,2024-09-10 09:14:32,https://exagri.info/mkt/2016/28.18.July-2016.html
national,1276.64,1276.64,1250.0,1242.0,2000.0,1861.4,2016-07-26 00:00:00,2024-09-10 09:15:01,2024-09-10 09:15:01,https://exagri.info/mkt/2016/29.26.July-2016.html
national,1281.86,1281.86,1275.0,1253.5,2000.0,1797.2,2016-08-02 00:00:00,2024-09-10 08:49:12,2024-09-10 08:49:12,https://exagri.info/mkt/2016/02august2016.html
national,1270.07,1270.07,1225.0,1178.0,1930.0,1714.17,2016-08-15 00:00:00,2024-09-10 09:13:29,2024-09-10 09:13:29,https://exagri.info/mkt/2016/32.15.august-2016.html
national,1259.07,1259.07,1270.0,1217.5,1880.0,1795.0,2016-08-23 00:00:00,2024-09-10 09:03:27,2024-09-10 09:03:27,https://exagri.info/mkt/2016/33.23.August-2016.html
national,1261.79,1261.79,1280.0,1216.0,1900.0,1798.6,2016-08-30 00:00:00,2024-09-10 09:18:32,2024-09-10 09:18:32,https://exagri.info/mkt/2016/34.30.august-2016.30.html
national,1265.43,1265.43,1300.0,1228.0,1900.0,1795.0,2016-09-06 00:00:00,2024-09-10 08:57:33,2024-09-10 08:57:33,https://exagri.info/mkt/2016/35.06.September.2016.html
national,1276.38,1276.38,1290.0,1237.0,1950.0,1810.2,2016-09-13 00:00:00,2024-09-10 09:01:22,2024-09-10 09:01:22,https://exagri.info/mkt/2016/36.13.Septmber.2016.html
national,1277.29,1277.29,1280.0,1216.5,1900.0,1793.4,2016-09-20 00:00:00,2024-09-10 09:05:21,2024-09-10 09:05:21,https://exagri.info/mkt/2016/37.20.September.2016.html
national,1299.86,1299.86,1240.0,1196.5,2100.0,1887.6,2016-10-04 00:00:00,2024-09-10 08:59:41,2024-09-10 08:59:41,https://exagri.info/mkt/2016/04.10.2016.html
national,1320.38,1320.38,1275.0,1224.0,2100.0,1825.8,2016-10-11 00:00:00,2024-09-10 09:20:12,2024-09-10 09:20:12,https://exagri.info/mkt/2016/11.10.2016.html
national,1326.86,1326.86,1280.0,1261.0,2100.0,1897.8,2016-10-18 00:00:00,2024-09-10 09:10:12,2024-09-10 09:10:12,https://exagri.info/mkt/2016/18.10.2016.html
national,1323.14,1323.14,1360.0,1296.0,2150.0,1881.5,2016-10-25 00:00:00,2024-09-10 08:53:45,2024-09-10 08:53:45,https://exagri.info/mkt/2016/25.10.2016.html
national,1323.46,1323.46,1315.0,1284.0,2100.0,1883.8,2016-11-01 00:00:00,2024-09-10 09:13:56,2024-09-10 09:13:56,https://exagri.info/mkt/2016/01.11.2016.html
national,1334.21,1334.21,1375.0,1304.0,2100.0,1936.2,2016-11-08 00:00:00,2024-09-10 09:00:44,2024-09-10 09:00:44,https://exagri.info/mkt/2016/08.11.2016.html
national,1329.21,1329.21,1340.0,1290.33,2100.0,1916.8,2016-11-15 00:00:00,2024-09-10 09:09:16,2024-09-10 09:09:16,https://exagri.info/mkt/2016/15.11.2016.html
national,1335.57,1335.57,1345.0,1277.75,2250.0,1952.8,2016-11-22 00:00:00,2024-09-10 08:51:15,2024-09-10 08:51:15,https://exagri.info/mkt/2016/22.11.2016.html
national,1328.46,1328.46,1340.0,1371.33,2350.0,1951.0,2016-11-29 00:00:00,2024-09-10 08:50:21,2024-09-10 08:50:21,https://exagri.info/mkt/2016/29.11.2016.html
national,1288.5,1288.5,1270.0,1239.67,2150.0,1945.2,2016-12-06 00:00:00,2024-09-10 08:54:54,2024-09-10 08:54:54,https://exagri.info/mkt/2016/06.12.2016.html
national,1221.85,1221.85,1243.0,1199.0,2100.0,1907.6,2016-12-14 00:00:00,2024-09-10 08:53:16,2024-09-10 08:53:16,https://exagri.info/mkt/2016/14.12.2016.html
national,1154.86,1154.86,1190.0,1139.0,2150.0,1913.0,2016-12-20 00:00:00,2024-09-10 08:51:48,2024-09-10 08:51:48,https://exagri.info/mkt/2016/20.12.2016.html
national,1138.77,1138.77,1100.0,1029.0,2100.0,1871.0,2016-12-27 00:00:00,2024-09-10 08:50:53,2024-09-10 08:50:53,https://exagri.info/mkt/2016/27.12.2016.html
national,1115.5,1115.5,1100.0,1071.5,2150.0,1900.0,2017-01-03 00:00:00,2024-09-10 09:20:25,2024-09-10 09:20:25,https://exagri.info/mkt/2017/03.01.2017.html
national,1109.86,1109.86,1160.0,1056.5,2200.0,1905.6,2017-01-10 00:00:00,2024-09-10 08:51:27,2024-09-10 08:51:27,https://exagri.info/mkt/2017/10.01.2017.html
national,1111.38,1111.38,1080.0,1026.0,2100.0,1907.2,2017-01-17 00:00:00,2024-09-10 09:07:20,2024-09-10 09:07:20,https://exagri.info/mkt/2017/17.01.2017.html
national,1104.43,1104.43,1100.0,1013.5,2100.0,1889.0,2017-01-24 00:00:00,2024-09-10 09:20:42,2024-09-10 09:20:42,https://exagri.info/mkt/2017/24.01.2017.html
national,1106.86,1106.86,1100.0,1052.67,2100.0,1900.8,2017-01-31 00:00:00,2024-09-10 09:21:13,2024-09-10 09:21:13,https://exagri.info/mkt/2017/31.01.2017.html
national,1113.86,1113.86,1100.0,1059.5,2300.0,1950.8,2017-02-07 00:00:00,2024-09-10 09:10:18,2024-09-10 09:10:18,https://exagri.info/mkt/2017/07.02.2017.html
national,1125.07,1125.07,1100.0,1047.0,2100.0,1911.0,2017-02-14 00:00:00,2024-09-10 09:08:17,2024-09-10 09:08:17,https://exagri.info/mkt/2017/14.02.2017.html
national,1133.21,1133.21,1120.0,1086.5,2200.0,1947.0,2017-02-21 00:00:00,2024-09-10 08:52:08,2024-09-10 08:52:08,https://exagri.info/mkt/2017/21.02.2017.html
national,1127.15,1127.15,1100.0,1084.5,2200.0,1960.6,2017-02-28 00:00:00,2024-09-10 08:57:50,2024-09-10 08:57:50,https://exagri.info/mkt/2017/28.02.2017.html
national,1097.17,1097.17,1100.0,1056.0,2100.0,1923.2,2017-03-07 00:00:00,2024-09-10 09:20:08,2024-09-10 09:20:08,https://exagri.info/mkt/2017/07.03.2017.html
national,1065.15,1065.15,1060.0,993.5,2100.0,1910.8,2017-03-14 00:00:00,2024-09-10 09:00:48,2024-09-10 09:00:48,https://exagri.info/mkt/2017/14.03.2017.html
national,1070.71,1070.71,1150.0,1008.33,2100.0,1924.2,2017-03-21 00:00:00,2024-09-10 08:52:49,2024-09-10 08:52:49,https://exagri.info/mkt/2017/21.03.2017.html
national,1072.0,1072.0,1190.0,1011.33,2150.0,1920.8,2017-03-28 00:00:00,2024-09-10 09:13:35,2024-09-10 09:13:35,https://exagri.info/mkt/2017/28.03.2017.html
national,1054.85,1054.85,1100.0,1005.33,2100.0,1892.2,2017-04-04 00:00:00,2024-09-10 08:50:06,2024-09-10 08:50:06,https://exagri.info/mkt/2017/04.04.2017.html
national,1034.62,1034.62,1040.0,949.67,2100.0,1852.4,2017-04-18 00:00:00,2024-09-10 09:02:25,2024-09-10 09:02:25,https://exagri.info/mkt/2017/18.04.2017.html
national,625.07,625.07,660.0,586.0,1250.0,1118.4,2017-04-24 00:00:00,2024-09-10 09:00:06,2024-09-10 09:00:06,https://exagri.info/mkt/2018/24.04.2018.html
national,1017.31,1017.31,1050.0,956.67,2200.0,1768.0,2017-04-25 00:00:00,2024-09-10 09:05:50,2024-09-10 09:05:50,https://exagri.info/mkt/2017/25.04.2017.html
national,1052.17,1052.17,1080.0,989.0,2000.0,1797.25,2017-05-02 00:00:00,2024-09-10 09:19:43,2024-09-10 09:19:43,https://exagri.info/mkt/2017/02.05.2017.html
national,1038.21,1038.21,1090.0,904.2,2100.0,1825.0,2017-05-08 00:00:00,2024-09-10 08:48:59,2024-09-10 08:48:59,https://exagri.info/mkt/2017/08.05.2017.html
national,1021.71,1021.71,1075.0,926.0,2050.0,1798.0,2017-05-16 00:00:00,2024-09-10 09:08:26,2024-09-10 09:08:26,https://exagri.info/mkt/2017/16.05.2017.html
national,990.71,990.71,1080.0,868.25,2050.0,1808.2,2017-05-23 00:00:00,2024-09-10 09:12:19,2024-09-10 09:12:19,https://exagri.info/mkt/2017/23.05.2017.html
national,995.27,995.27,1050.0,944.33,2050.0,1806.0,2017-05-30 00:00:00,2024-09-10 09:18:13,2024-09-10 09:18:13,https://exagri.info/mkt/2017/30.05.2017.html
national,982.14,982.14,1060.0,924.25,2050.0,1795.4,2017-06-06 00:00:00,2024-09-10 08:58:42,2024-09-10 08:58:42,https://exagri.info/mkt/2017/06.06.2017.html
national,957.54,957.54,1080.0,928.5,2100.0,1827.6,2017-06-13 00:00:00,2024-09-10 09:15:44,2024-09-10 09:15:44,https://exagri.info/mkt/2017/13.06.2017.html
national,919.0,919.0,1000.0,879.0,2100.0,1757.8,2017-06-20 00:00:00,2024-09-10 08:53:53,2024-09-10 08:53:53,https://exagri.info/mkt/2017/20.06.2017.html
national,882.23,882.23,1000.0,819.33,2050.0,1763.6,2017-06-27 00:00:00,2024-09-10 09:05:36,2024-09-10 09:05:36,https://exagri.info/mkt/2017/27.06.2017.html
national,721.71,721.71,700.0,622.33,2000.0,1660.2,2017-07-11 00:00:00,2024-09-10 09:06:07,2024-09-10 09:06:07,https://exagri.info/mkt/2017/11.07.2017.html
national,704.23,704.23,850.0,635.0,1850.0,1586.6,2017-07-18 00:00:00,2024-09-10 08:59:45,2024-09-10 08:59:45,https://exagri.info/mkt/2017/18.07.2017.html
national,724.57,724.57,800.0,669.33,1900.0,1620.0,2017-07-25 00:00:00,2024-09-10 08:58:31,2024-09-10 08:58:31,https://exagri.info/mkt/2017/25.07.2017.html
national,714.36,714.36,700.0,674.0,2000.0,1506.4,2017-08-01 00:00:00,2024-09-10 08:49:51,2024-09-10 08:49:51,https://exagri.info/mkt/2017/01.08.2017.html
national,675.79,675.79,700.0,667.0,1800.0,1390.4,2017-08-08 00:00:00,2024-09-10 09:05:45,2024-09-10 09:05:45,https://exagri.info/mkt/2017/08.08.2017.html
national,681.62,681.62,680.0,612.25,1800.0,1449.4,2017-08-15 00:00:00,2024-09-10 08:59:22,2024-09-10 08:59:22,https://exagri.info/mkt/2017/15.08.2017.html
national,673.0,673.0,670.0,634.5,1600.0,1308.2,2017-08-22 00:00:00,2024-09-10 08:53:04,2024-09-10 08:53:04,https://exagri.info/mkt/2017/22.08.2017.html
national,684.79,684.79,675.0,631.75,1600.0,1248.2,2017-08-29 00:00:00,2024-09-10 09:11:14,2024-09-10 09:11:14,https://exagri.info/mkt/2017/29.08.2017.html
national,696.07,696.07,700.0,620.0,1500.0,1239.4,2017-09-04 00:00:00,2024-09-10 08:58:37,2024-09-10 08:58:37,https://exagri.info/mkt/2017/04.09.2017.html
national,706.64,706.64,725.0,672.25,1600.0,1228.8,2017-09-12 00:00:00,2024-09-10 08:57:23,2024-09-10 08:57:23,https://exagri.info/mkt/2017/12.09.2017.html
national,715.21,715.21,725.0,671.0,1600.0,1260.8,2017-09-19 00:00:00,2024-09-10 09:19:14,2024-09-10 09:19:14,https://exagri.info/mkt/2017/19.09.2017.html
national,701.07,701.07,700.0,659.75,1600.0,1222.4,2017-09-26 00:00:00,2024-09-10 09:19:29,2024-09-10 09:19:29,https://exagri.info/mkt/2017/26.09.2017.html
national,684.15,684.15,670.0,630.67,1400.0,1124.4,2017-10-03 00:00:00,2024-09-10 09:17:04,2024-09-10 09:17:04,https://exagri.info/mkt/2017/03.10.2017.html
national,657.23,657.23,680.0,599.0,1400.0,1112.4,2017-10-10 00:00:00,2024-09-10 09:00:29,2024-09-10 09:00:29,https://exagri.info/mkt/2017/10.10.2017.html
national,662.57,662.57,650.0,597.5,1300.0,1127.4,2017-10-16 00:00:00,2024-09-10 08:49:09,2024-09-10 08:49:09,https://exagri.info/mkt/2017/16.10.2017.html
national,676.85,676.85,675.0,616.5,1200.0,1089.2,2017-10-24 00:00:00,2024-09-10 09:07:03,2024-09-10 09:07:03,https://exagri.info/mkt/2017/24.10.2017.html
national,666.31,666.31,680.0,629.8,1200.0,1016.4,2017-10-31 00:00:00,2024-09-10 09:18:17,2024-09-10 09:18:17,https://exagri.info/mkt/2017/31.10.2017.html
national,660.31,660.31,660.0,633.25,1200.0,1051.0,2017-11-07 00:00:00,2024-09-10 08:49:55,2024-09-10 08:49:55,https://exagri.info/mkt/2017/07.11.2017.html
national,657.31,657.31,660.0,616.25,1200.0,1024.2,2017-11-14 00:00:00,2024-09-10 08:56:05,2024-09-10 08:56:05,https://exagri.info/mkt/2017/14.11.2017.html
national,640.0,640.0,650.0,622.0,1300.0,1054.0,2017-11-21 00:00:00,2024-09-10 09:13:49,2024-09-10 09:13:49,https://exagri.info/mkt/2017/21.11.2017.html
national,612.46,612.46,620.0,551.0,1100.0,981.0,2017-11-28 00:00:00,2024-09-10 08:51:54,2024-09-10 08:51:54,https://exagri.info/mkt/2017/28.11.2017.html
national,603.5,603.5,600.0,535.0,1000.0,966.6,2017-12-05 00:00:00,2024-09-10 09:09:38,2024-09-10 09:09:38,https://exagri.info/mkt/2017/05.12.2017.html
national,598.31,598.31,600.0,538.5,1050.0,990.2,2017-12-12 00:00:00,2024-09-10 09:10:27,2024-09-10 09:10:27,https://exagri.info/mkt/2017/12.12.2017.html
national,582.07,582.07,580.0,539.67,1200.0,989.4,2017-12-19 00:00:00,2024-09-10 09:03:18,2024-09-10 09:03:18,https://exagri.info/mkt/2017/19.12.2017.html
national,581.42,581.42,600.0,551.0,1100.0,997.0,2017-12-26 00:00:00,2024-09-10 09:07:57,2024-09-10 09:07:57,https://exagri.info/mkt/2017/26.12.2017.html
national,606.5,606.5,620.0,582.8,1100.0,974.6,2018-01-03 00:00:00,2024-09-10 09:06:22,2024-09-10 09:06:22,https://exagri.info/mkt/2018/03.01.2018.html
national,614.58,614.58,650.0,572.8,1150.0,993.2,2018-01-09 00:00:00,2024-09-10 09:08:54,2024-09-10 09:08:54,https://exagri.info/mkt/2018/09.01.2018.html
national,615.71,615.71,625.0,571.63,1200.0,979.0,2018-01-16 00:00:00,2024-09-10 09:17:52,2024-09-10 09:17:52,https://exagri.info/mkt/2018/16.01.2018.html
national,621.69,621.69,650.0,585.0,1200.0,1022.8,2018-01-23 00:00:00,2024-09-10 09:02:06,2024-09-10 09:02:06,https://exagri.info/mkt/2018/23.01.2018.html
national,623.21,623.21,610.0,585.86,1200.0,1051.6,2018-01-29 00:00:00,2024-09-10 08:57:40,2024-09-10 08:57:40,https://exagri.info/mkt/2018/29.01.2018.html
national,620.86,620.86,650.0,589.0,1200.0,1014.0,2018-02-06 00:00:00,2024-09-10 08:53:21,2024-09-10 08:53:21,https://exagri.info/mkt/2018/06.02.2018.html
national,627.57,627.57,650.0,592.14,1150.0,1020.4,2018-02-12 00:00:00,2024-09-10 08:58:14,2024-09-10 08:58:14,https://exagri.info/mkt/2018/12.02.2018.html
national,637.69,637.69,650.0,598.71,1200.0,1048.0,2018-02-20 00:00:00,2024-09-10 09:11:38,2024-09-10 09:11:38,https://exagri.info/mkt/2018/20.02.2018.html
national,640.85,640.85,680.0,605.29,1200.0,1051.6,2018-02-27 00:00:00,2024-09-10 08:58:20,2024-09-10 08:58:20,https://exagri.info/mkt/2018/27.02.2018.html
national,629.64,629.64,650.0,615.0,1300.0,1059.33,2018-03-06 00:00:00,2024-09-10 08:54:13,2024-09-10 08:54:13,https://exagri.info/mkt/2018/06.03.2018.html
national,642.69,642.69,650.0,605.71,1300.0,1071.6,2018-03-13 00:00:00,2024-09-10 09:03:23,2024-09-10 09:03:23,https://exagri.info/mkt/2018/13.03.2018.html
national,638.07,638.07,650.0,598.29,1250.0,1093.8,2018-03-20 00:00:00,2024-09-10 09:19:34,2024-09-10 09:19:34,https://exagri.info/mkt/2018/20.03.2018.html
national,628.29,628.29,650.0,588.83,1250.0,1083.4,2018-03-27 00:00:00,2024-09-10 09:19:24,2024-09-10 09:19:24,https://exagri.info/mkt/2018/27.03.2018.html
national,627.64,627.64,647.0,582.0,1250.0,1133.6,2018-04-03 00:00:00,2024-09-10 09:21:00,2024-09-10 09:21:00,https://exagri.info/mkt/2018/03.04.2018.html
national,624.57,624.57,650.0,592.4,1250.0,1118.8,2018-04-09 00:00:00,2024-09-10 08:59:30,2024-09-10 08:59:30,https://exagri.info/mkt/2018/09.04.2018.html
national,624.54,624.54,650.0,593.8,1200.0,1079.0,2018-04-17 00:00:00,2024-09-10 09:17:08,2024-09-10 09:17:08,https://exagri.info/mkt/2018/17.04.2018.html
national,627.85,627.85,650.0,602.6,1300.0,1085.6,2018-05-01 00:00:00,2024-09-10 09:02:49,2024-09-10 09:02:49,https://exagri.info/mkt/2018/01.05.2018.html
national,629.71,629.71,650.0,602.0,1250.0,1093.6,2018-05-08 00:00:00,2024-09-10 08:53:11,2024-09-10 08:53:11,https://exagri.info/mkt/2018/08.05.2018.html
national,625.77,625.77,630.0,601.0,1300.0,1088.2,2018-05-15 00:00:00,2024-09-10 09:07:53,2024-09-10 09:07:53,https://exagri.info/mkt/2018/15.05.2018.html
national,616.43,616.43,620.0,576.33,1200.0,1088.8,2018-05-22 00:00:00,2024-09-10 09:03:40,2024-09-10 09:03:40,https://exagri.info/mkt/2018/22.05.2018.html
national,614.29,614.29,620.0,577.75,1300.0,1076.6,2018-05-28 00:00:00,2024-09-10 09:08:31,2024-09-10 09:08:31,https://exagri.info/mkt/2018/28.05.2018.html
national,613.93,613.93,600.0,567.75,1250.0,1097.4,2018-06-05 00:00:00,2024-09-10 08:53:25,2024-09-10 08:53:25,https://exagri.info/mkt/2018/05.06.2018.html
national,610.5,610.5,610.0,593.33,1350.0,1118.8,2018-06-12 00:00:00,2024-09-10 08:53:31,2024-09-10 08:53:31,https://exagri.info/mkt/2018/12.06.2018.html
national,607.64,607.64,600.0,561.67,1270.0,1100.6,2018-06-19 00:00:00,2024-09-10 09:02:01,2024-09-10 09:02:01,https://exagri.info/mkt/2018/19.06.2018.html
national,602.0,602.0,600.0,585.5,1200.0,1093.8,2018-06-25 00:00:00,2024-09-10 09:12:33,2024-09-10 09:12:33,https://exagri.info/mkt/2018/25.06.2018.html
national,580.79,580.79,600.0,563.33,1200.0,1041.2,2018-07-03 00:00:00,2024-09-10 08:58:59,2024-09-10 08:58:59,https://exagri.info/mkt/2018/03.07.2018.html
national,543.29,543.29,560.0,527.0,1200.0,1040.6,2018-07-10 00:00:00,2024-09-10 09:05:15,2024-09-10 09:05:15,https://exagri.info/mkt/2018/10.07.2018.html
national,502.79,502.79,520.0,482.33,1250.0,1015.2,2018-07-17 00:00:00,2024-09-10 09:15:24,2024-09-10 09:15:24,https://exagri.info/mkt/2018/17.07.2018.html
national,508.07,508.07,500.0,481.0,1200.0,1041.4,2018-07-24 00:00:00,2024-09-10 09:04:40,2024-09-10 09:04:40,https://exagri.info/mkt/2018/24.07.2018.html
national,529.5,529.5,520.0,498.5,1100.0,982.75,2018-07-31 00:00:00,2024-09-10 09:04:59,2024-09-10 09:04:59,https://exagri.info/mkt/2018/31.07.2018.html
national,528.43,528.43,525.0,457.67,1100.0,974.8,2018-08-07 00:00:00,2024-09-10 09:01:49,2024-09-10 09:01:49,https://exagri.info/mkt/2018/07.08.2018.html
national,541.43,541.43,550.0,509.33,1150.0,1011.0,2018-08-14 00:00:00,2024-09-10 08:56:01,2024-09-10 08:56:01,https://exagri.info/mkt/2018/14.08.2018.html
national,547.5,547.5,550.0,507.0,1100.0,973.0,2018-08-20 00:00:00,2024-09-10 09:02:44,2024-09-10 09:02:44,https://exagri.info/mkt/2018/20.08.2018.html
national,573.0,573.0,600.0,544.0,1150.0,1025.8,2018-08-28 00:00:00,2024-09-10 09:11:27,2024-09-10 09:11:27,https://exagri.info/mkt/2018/28.08.2018.html
national,598.64,598.64,600.0,546.25,1150.0,1048.4,2018-09-04 00:00:00,2024-09-10 09:13:45,2024-09-10 09:13:45,https://exagri.info/mkt/2018/04.09.2018.html
national,603.5,603.5,620.0,548.0,1200.0,1076.0,2018-09-11 00:00:00,2024-09-10 08:56:24,2024-09-10 08:56:24,https://exagri.info/mkt/2018/11.09.2018.html
national,599.21,599.21,600.0,548.75,1100.0,1039.0,2018-09-18 00:00:00,2024-09-10 09:16:13,2024-09-10 09:16:13,https://exagri.info/mkt/2018/18.09.2018.html
national,600.14,600.14,620.0,552.8,1100.0,1053.4,2018-09-25 00:00:00,2024-09-10 08:57:20,2024-09-10 08:57:20,https://exagri.info/mkt/2018/25.09.2018.html
national,599.14,599.14,600.0,568.67,1100.0,1030.4,2018-10-02 00:00:00,2024-09-10 09:05:55,2024-09-10 09:05:55,https://exagri.info/mkt/2018/02.10.2018.html
national,605.0,605.0,625.0,580.0,1200.0,1030.4,2018-10-09 00:00:00,2024-09-10 09:00:02,2024-09-10 09:00:02,https://exagri.info/mkt/2018/09.10.2018.html
national,601.36,601.36,600.0,553.75,1150.0,1030.2,2018-10-16 00:00:00,2024-09-10 09:02:09,2024-09-10 09:02:09,https://exagri.info/mkt/2018/16.10.2018.html
national,597.31,597.31,600.0,573.0,1150.0,1054.2,2018-10-22 00:00:00,2024-09-10 09:09:42,2024-09-10 09:09:42,https://exagri.info/mkt/2018/22.10.2018.html
national,600.57,600.57,600.0,548.0,1150.0,1015.6,2018-10-30 00:00:00,2024-09-10 09:18:40,2024-09-10 09:18:40,https://exagri.info/mkt/2018/30.10.2018.html
national,600.64,600.64,620.0,563.0,1100.0,1024.2,2018-11-05 00:00:00,2024-09-10 09:01:26,2024-09-10 09:01:26,https://exagri.info/mkt/2018/05.11.2018.html
national,604.93,604.93,620.0,539.0,1150.0,1036.6,2018-11-13 00:00:00,2024-09-10 09:08:51,2024-09-10 09:08:51,https://exagri.info/mkt/2018/13.11.2018.html
national,610.79,610.79,625.0,559.67,1200.0,1044.2,2018-11-19 00:00:00,2024-09-10 09:03:04,2024-09-10 09:03:04,https://exagri.info/mkt/2018/19.11.2018.html
national,618.64,618.64,630.0,578.25,1200.0,1051.4,2018-11-27 00:00:00,2024-09-10 09:01:56,2024-09-10 09:01:56,https://exagri.info/mkt/2018/27.11.2018.html
national,635.43,635.43,630.0,593.5,1230.0,1084.4,2018-12-04 00:00:00,2024-09-10 08:49:20,2024-09-10 08:49:20,https://exagri.info/mkt/2018/04.12.2018.html
national,631.43,631.43,650.0,594.0,1200.0,1074.0,2018-12-11 00:00:00,2024-09-10 09:07:45,2024-09-10 09:07:45,https://exagri.info/mkt/2018/11.12.2018.html
national,615.36,615.36,640.0,556.25,1200.0,1056.4,2018-12-18 00:00:00,2024-09-10 08:52:58,2024-09-10 08:52:58,https://exagri.info/mkt/2018/18.12.2018.html
national,597.42,597.42,620.0,602.5,1200.0,1074.8,2018-12-24 00:00:00,2024-09-10 08:53:57,2024-09-10 08:53:57,https://exagri.info/mkt/2018/24.12.2016.html
national,589.31,589.31,610.0,559.0,1250.0,1070.2,2018-12-31 00:00:00,2024-09-10 08:56:51,2024-09-10 08:56:51,https://exagri.info/mkt/2018/31.12.2018.html
national,579.86,579.86,600.0,551.75,1150.0,1036.6,2019-01-08 00:00:00,2024-09-10 09:14:22,2024-09-10 09:14:22,https://exagri.info/mkt/2019/08.01.2019.html
national,573.71,573.71,580.0,509.0,1150.0,996.2,2019-01-14 00:00:00,2024-09-10 08:59:03,2024-09-10 08:59:03,https://exagri.info/mkt/2019/14.01.2019.html
national,569.79,569.79,600.0,508.0,1200.0,1024.8,2019-01-22 00:00:00,2024-09-10 08:59:36,2024-09-10 08:59:36,https://exagri.info/mkt/2019/22.01.2019.html
national,570.36,570.36,575.0,505.0,1200.0,1028.6,2019-01-29 00:00:00,2024-09-10 08:51:42,2024-09-10 08:51:42,https://exagri.info/mkt/2019/29.01.2019.html
national,568.36,568.36,580.0,498.33,1100.0,1019.8,2019-02-05 00:00:00,2024-09-10 09:17:00,2024-09-10 09:17:00,https://exagri.info/mkt/2019/05.02.2019.html
national,529.0,529.0,500.0,500.0,1000.0,808.2,2019-02-11 00:00:00,2024-09-10 09:14:04,2024-09-10 09:14:04,https://exagri.info/mkt/2020/11.02.2020.html
national,580.71,580.71,575.0,531.67,1200.0,1021.0,2019-02-12 00:00:00,2024-09-10 09:15:17,2024-09-10 09:15:17,https://exagri.info/mkt/2019/12.02.2019.html
national,597.64,597.64,600.0,539.33,1100.0,1006.2,2019-02-18 00:00:00,2024-09-10 08:49:40,2024-09-10 08:49:40,https://exagri.info/mkt/2019/18.02.2019.html
national,612.07,612.07,625.0,560.33,1200.0,1016.6,2019-02-26 00:00:00,2024-09-10 09:05:05,2024-09-10 09:05:05,https://exagri.info/mkt/2019/26.02.2019.html
national,611.93,611.93,630.0,567.33,1150.0,1018.4,2019-03-05 00:00:00,2024-09-10 09:16:00,2024-09-10 09:16:00,https://exagri.info/mkt/2019/05.03.2019.html
national,605.21,605.21,600.0,531.0,1100.0,1026.0,2019-03-12 00:00:00,2024-09-10 09:10:44,2024-09-10 09:10:44,https://exagri.info/mkt/2019/12.03.2019.html
national,604.14,604.14,620.0,543.33,1100.0,1033.0,2019-03-18 00:00:00,2024-09-10 09:17:17,2024-09-10 09:17:17,https://exagri.info/mkt/2019/18.03.2019.html
national,605.71,605.71,600.0,518.0,1200.0,1052.0,2019-03-26 00:00:00,2024-09-10 09:00:38,2024-09-10 09:00:38,https://exagri.info/mkt/2019/26.03.2019.html
national,604.0,604.0,610.0,522.0,1200.0,1049.2,2019-04-02 00:00:00,2024-09-10 09:07:41,2024-09-10 09:07:41,https://exagri.info/mkt/2019/02.04.2019.html
national,596.79,596.79,600.0,588.5,1200.0,1027.6,2019-04-09 00:00:00,2024-09-10 08:50:56,2024-09-10 08:50:56,https://exagri.info/mkt/2019/09.04.2019.html
national,594.38,594.38,600.0,586.5,1150.0,1032.2,2019-04-23 00:00:00,2024-09-10 09:08:01,2024-09-10 09:08:01,https://exagri.info/mkt/2019/23.04.2019.html
national,584.57,584.57,610.0,574.0,1150.0,1018.2,2019-04-29 00:00:00,2024-09-10 08:50:25,2024-09-10 08:50:25,https://exagri.info/mkt/2019/29.04.2019.html
national,586.86,586.86,600.0,523.33,1100.0,1000.0,2019-05-07 00:00:00,2024-09-10 08:54:47,2024-09-10 08:54:47,https://exagri.info/mkt/2019/07.05.2019.html
national,582.92,582.92,600.0,438.5,1150.0,1000.6,2019-05-14 00:00:00,2024-09-10 09:08:05,2024-09-10 09:08:05,https://exagri.info/mkt/2019/14.05.2019.html
national,584.71,584.71,600.0,586.0,1150.0,1014.0,2019-05-21 00:00:00,2024-09-10 09:14:08,2024-09-10 09:14:08,https://exagri.info/mkt/2019/21.05.2019.html
national,578.77,578.77,600.0,556.0,1150.0,1007.8,2019-05-28 00:00:00,2024-09-10 08:50:46,2024-09-10 08:50:46,https://exagri.info/mkt/2019/28.05.2019.html
national,568.79,568.79,600.0,504.0,1150.0,1004.6,2019-06-03 00:00:00,2024-09-10 08:49:32,2024-09-10 08:49:32,https://exagri.info/mkt/2019/03.06.2019.html
national,541.79,541.79,580.0,490.0,1150.0,1004.4,2019-06-11 00:00:00,2024-09-10 08:52:29,2024-09-10 08:52:29,https://exagri.info/mkt/2019/11.06.2019.html
national,521.07,521.07,580.0,495.0,1100.0,971.8,2019-06-18 00:00:00,2024-09-10 09:03:44,2024-09-10 09:03:44,https://exagri.info/mkt/2019/18.06.2019.html
national,500.93,500.93,500.0,465.0,1000.0,957.0,2019-06-25 00:00:00,2024-09-10 08:49:37,2024-09-10 08:49:37,https://exagri.info/mkt/2019/25.06.2019.html
national,472.57,472.57,450.0,370.0,1000.0,927.8,2019-07-02 00:00:00,2024-09-10 09:19:19,2024-09-10 09:19:19,https://exagri.info/mkt/2019/02.07.2019.html
national,458.85,458.85,475.0,458.0,1000.0,920.2,2019-07-09 00:00:00,2024-09-10 09:09:08,2024-09-10 09:09:08,https://exagri.info/mkt/2019/09.07.2019.html
national,455.14,455.14,460.0,453.0,1000.0,917.0,2019-07-15 00:00:00,2024-09-10 09:01:18,2024-09-10 09:01:18,https://exagri.info/mkt/2019/15.07.2019.html
national,444.29,444.29,460.0,385.0,1000.0,885.8,2019-07-23 00:00:00,2024-09-10 09:09:29,2024-09-10 09:09:29,https://exagri.info/mkt/2019/23.07.2019.html
national,447.29,447.29,460.0,446.5,1000.0,856.8,2019-07-30 00:00:00,2024-09-10 09:04:01,2024-09-10 09:04:01,https://exagri.info/mkt/2019/30.07.2019.html
national,450.64,450.64,460.0,416.67,1000.0,869.2,2019-08-06 00:00:00,2024-09-10 09:16:36,2024-09-10 09:16:36,https://exagri.info/mkt/2019/06.08.2019.html
national,441.14,441.14,450.0,443.5,1000.0,875.8,2019-08-13 00:00:00,2024-09-10 08:55:22,2024-09-10 08:55:22,https://exagri.info/mkt/2019/13.08.2019.html
national,446.57,446.57,460.0,381.67,1000.0,799.2,2019-08-20 00:00:00,2024-09-10 09:15:54,2024-09-10 09:15:54,https://exagri.info/mkt/2019/20.08.2019.html
national,443.5,443.5,455.0,392.67,1000.0,779.4,2019-08-27 00:00:00,2024-09-10 09:20:39,2024-09-10 09:20:39,https://exagri.info/mkt/2019/27.08.2019.html
national,441.71,441.71,450.0,391.67,1000.0,798.6,2019-09-03 00:00:00,2024-09-10 08:51:18,2024-09-10 08:51:18,https://exagri.info/mkt/2019/03.09.2019.html
national,434.57,434.57,440.0,382.33,1000.0,799.6,2019-09-10 00:00:00,2024-09-10 09:09:55,2024-09-10 09:09:55,https://exagri.info/mkt/2019/10.09.2019.html
national,433.86,433.86,420.0,402.5,1000.0,742.4,2019-09-17 00:00:00,2024-09-10 09:05:40,2024-09-10 09:05:40,https://exagri.info/mkt/2019/17.09.2019.html
national,431.21,431.21,430.0,405.0,1000.0,746.2,2019-09-24 00:00:00,2024-09-10 08:58:25,2024-09-10 08:58:25,https://exagri.info/mkt/2019/24.09.2019.html
national,436.5,436.5,420.0,400.0,900.0,763.4,2019-10-01 00:00:00,2024-09-10 09:17:12,2024-09-10 09:17:12,https://exagri.info/mkt/2019/01.10.2019.html
national,464.71,464.71,455.0,438.0,1000.0,807.6,2019-10-08 00:00:00,2024-09-10 09:09:51,2024-09-10 09:09:51,https://exagri.info/mkt/2019/08.10.2019.html
national,473.14,473.14,470.0,423.33,1000.0,797.6,2019-10-15 00:00:00,2024-09-10 09:17:49,2024-09-10 09:17:49,https://exagri.info/mkt/2019/15.10.2019.html
national,482.0,482.0,480.0,450.5,1000.0,785.4,2019-10-22 00:00:00,2024-09-10 08:52:04,2024-09-10 08:52:04,https://exagri.info/mkt/2019/22.10.2019.html
national,491.43,491.43,460.0,394.0,1000.0,787.0,2019-10-29 00:00:00,2024-09-10 09:11:43,2024-09-10 09:11:43,https://exagri.info/mkt/2019/29.10.2019.html
national,494.43,494.43,460.0,400.0,1000.0,800.4,2019-11-05 00:00:00,2024-09-10 09:04:20,2024-09-10 09:04:20,https://exagri.info/mkt/2019/05.11.2019.html
national,521.14,521.14,480.0,428.5,1000.0,789.4,2019-11-11 00:00:00,2024-09-10 09:08:47,2024-09-10 09:08:47,https://exagri.info/mkt/2019/11.11.2019.html
national,555.5,555.5,560.0,461.0,1000.0,820.2,2019-11-19 00:00:00,2024-09-10 09:12:09,2024-09-10 09:12:09,https://exagri.info/mkt/2019/19.11.2019.html
national,638.62,638.62,600.0,500.0,1100.0,864.4,2019-11-26 00:00:00,2024-09-10 09:19:10,2024-09-10 09:19:10,https://exagri.info/mkt/2019/26.11.2019.html
national,693.07,693.07,700.0,657.0,1100.0,879.0,2019-12-03 00:00:00,2024-09-10 09:11:05,2024-09-10 09:11:05,https://exagri.info/mkt/2019/03.12.2019.html
national,698.93,698.93,680.0,667.0,1050.0,886.0,2019-12-09 00:00:00,2024-09-10 09:20:00,2024-09-10 09:20:00,https://exagri.info/mkt/2019/09.12.2019.html
national,692.5,692.5,675.0,554.0,1100.0,884.8,2019-12-17 00:00:00,2024-09-10 09:14:50,2024-09-10 09:14:50,https://exagri.info/mkt/2019/17.12.2019.html
national,673.36,673.36,675.0,651.0,1000.0,846.8,2019-12-23 00:00:00,2024-09-10 09:16:46,2024-09-10 09:16:46,https://exagri.info/mkt/2019/23.12.2019.html
national,654.29,654.29,680.0,628.0,1100.0,869.0,2019-12-31 00:00:00,2024-09-10 09:13:22,2024-09-10 09:13:22,https://exagri.info/mkt/2019/31.12.2019.html
national,627.21,627.21,620.0,615.0,1100.0,886.8,2020-01-07 00:00:00,2024-09-10 09:06:00,2024-09-10 09:06:00,https://exagri.info/mkt/2020/07.01.2020.html
national,596.57,596.57,610.0,600.0,1000.0,853.2,2020-01-13 00:00:00,2024-09-10 09:20:46,2024-09-10 09:20:46,https://exagri.info/mkt/2020/13.01.2020.html
national,557.62,557.62,570.0,540.0,1100.0,871.4,2020-01-21 00:00:00,2024-09-10 09:07:49,2024-09-10 09:07:49,https://exagri.info/mkt/2020/21.01.2020.html
national,535.0,535.0,560.0,523.0,1100.0,838.0,2020-01-28 00:00:00,2024-09-10 09:06:37,2024-09-10 09:06:37,https://exagri.info/mkt/2020/28.01.2020.html
national,534.43,534.43,500.0,450.0,1050.0,827.8,2020-02-03 00:00:00,2024-09-10 08:48:28,2024-09-10 08:48:28,https://exagri.info/mkt/2020/03.02.2020.html
national,532.5,532.5,500.0,450.0,1000.0,830.2,2020-02-18 00:00:00,2024-09-10 08:49:05,2024-09-10 08:49:05,https://exagri.info/mkt/2020/18.02.2020.html
national,532.36,532.36,500.0,500.0,950.0,843.6,2020-02-25 00:00:00,2024-09-10 09:06:12,2024-09-10 09:06:12,https://exagri.info/mkt/2020/25.02.2020.html
national,534.57,534.57,500.0,500.0,900.0,810.4,2020-03-03 00:00:00,2024-09-10 08:53:41,2024-09-10 08:53:41,https://exagri.info/mkt/2020/03.03.2020.html
national,525.71,525.71,530.0,490.0,900.0,819.2,2020-03-10 00:00:00,2024-09-10 08:54:43,2024-09-10 08:54:43,https://exagri.info/mkt/2020/10.03.2020.html
national,499.8,499.8,533.8341679518658,484.96103707796226,900.0,767.75,2020-04-21 00:00:00,2024-09-10 09:16:09,2024-09-10 09:16:09,https://exagri.info/mkt/2020/21.04.2020.html
national,515.91,515.91,500.0,450.0,900.0,755.4,2020-04-28 00:00:00,2024-09-10 08:57:02,2024-09-10 08:57:02,https://exagri.info/mkt/2020/28.04.2020.html
national,518.36,518.36,540.3375076342529,493.31286061822493,1000.0,803.2,2020-05-05 00:00:00,2024-09-10 08:55:50,2024-09-10 08:55:50,https://exagri.info/mkt/2020/05.05.2020.html
national,518.17,518.17,555.4922085515399,505.42760149515175,900.0,795.4,2020-05-12 00:00:00,2024-09-10 08:53:48,2024-09-10 08:53:48,https://exagri.info/mkt/2020/12.05.2020.html
national,513.58,513.58,555.9585398184078,504.06259828420355,900.0,804.4,2020-05-19 00:00:00,2024-09-10 09:01:38,2024-09-10 09:01:38,https://exagri.info/mkt/2020/19.05.2020.html
national,508.5,508.5,559.7289031685953,505.88643000368904,850.0,798.6,2020-05-26 00:00:00,2024-09-10 08:49:45,2024-09-10 08:49:45,https://exagri.info/mkt/2020/26.05.2020.html
national,504.14,504.14,460.0,460.0,900.0,779.8,2020-06-02 00:00:00,2024-09-10 09:15:21,2024-09-10 09:15:21,https://exagri.info/mkt/2020/02.06.2020.html
national,504.07,504.07,450.0,400.0,900.0,765.4,2020-06-09 00:00:00,2024-09-10 08:59:11,2024-09-10 08:59:11,https://exagri.info/mkt/2020/09.06.2020.html
national,500.14,500.14,543.4491021673172,491.21647309042385,900.0,793.2,2020-06-16 00:00:00,2024-09-10 09:09:59,2024-09-10 09:09:59,https://exagri.info/mkt/2020/16.06.2020.html
national,493.14,493.14,450.0,450.0,900.0,796.8,2020-06-23 00:00:00,2024-09-10 08:58:50,2024-09-10 08:58:50,https://exagri.info/mkt/2020/23.06.2020.html
national,484.14,484.14,528.6800730997281,476.0020160415386,900.0,780.2,2020-06-30 00:00:00,2024-09-10 09:02:53,2024-09-10 09:02:53,https://exagri.info/mkt/2020/30.06.2020.html
national,477.43,477.43,539.1318907515476,480.23781044083,900.0,819.8,2020-07-07 00:00:00,2024-09-10 09:10:22,2024-09-10 09:10:22,https://exagri.info/mkt/2020/07.07.2020.html
national,474.64,474.64,430.0,425.0,900.0,776.0,2020-07-14 00:00:00,2024-09-10 09:18:22,2024-09-10 09:18:22,https://exagri.info/mkt/2020/14.07.2020.html
national,491.14,491.14,527.003980110706,474.9502469757361,1000.0,813.0,2020-07-21 00:00:00,2024-09-10 09:13:13,2024-09-10 09:13:13,https://exagri.info/mkt/2020/21.07.2020.html
national,530.86,530.86,564.3570051063018,515.6775789886913,900.0,798.0,2020-07-28 00:00:00,2024-09-10 09:20:29,2024-09-10 09:20:29,https://exagri.info/mkt/2020/28.07.2020.html
national,526.85,526.85,500.0,490.0,925.0,800.8,2020-08-04 00:00:00,2024-09-10 08:55:45,2024-09-10 08:55:45,https://exagri.info/mkt/2020/04.08.2020.html
national,527.29,527.29,566.9365622238219,516.0297942399751,900.0,811.0,2020-08-11 00:00:00,2024-09-10 08:54:17,2024-09-10 08:54:17,https://exagri.info/mkt/2020/11.08.2020.html
national,537.57,537.57,565.9617269057192,517.8722739024942,950.0,815.6,2020-08-18 00:00:00,2024-09-10 09:10:07,2024-09-10 09:10:07,https://exagri.info/mkt/2020/18.08.2020.html
national,569.36,569.36,586.2176097654077,541.0460339957607,1000.0,841.4,2020-08-25 00:00:00,2024-09-10 08:55:26,2024-09-10 08:55:26,https://exagri.info/mkt/2020/25.08.2020.html
national,567.85,567.85,599.367805941732,551.40424231721,900.0,830.4,2020-08-31 00:00:00,2024-09-10 08:49:59,2024-09-10 08:49:59,https://exagri.info/mkt/2020/31.08.2020.html
national,563.93,563.93,589.8322382931075,543.902807188249,900.0,811.2,2020-09-08 00:00:00,2024-09-10 09:10:57,2024-09-10 09:10:57,https://exagri.info/mkt/2020/08.09.2020.html
national,576.43,576.43,550.0,500.0,900.0,794.2,2020-09-15 00:00:00,2024-09-10 09:12:04,2024-09-10 09:12:04,https://exagri.info/mkt/2020/15.09.2020.html
national,581.79,581.79,593.0614550140265,551.1719360735835,950.0,814.4,2020-09-22 00:00:00,2024-09-10 09:00:12,2024-09-10 09:00:12,https://exagri.info/mkt/2020/22.09.2020.html
national,584.86,584.86,567.1500545880812,531.9807548461251,1100.0,812.8,2020-09-29 00:00:00,2024-09-10 09:19:39,2024-09-10 09:19:39,https://exagri.info/mkt/2020/29.09.2020.html
national,570.93,570.93,572.2686843197713,532.7181998124049,1000.0,801.0,2020-10-06 00:00:00,2024-09-10 09:11:48,2024-09-10 09:11:48,https://exagri.info/mkt/2020/06.10.2020.html
national,562.46,562.46,589.0644167848923,542.8806892743382,900.0,811.6,2020-10-13 00:00:00,2024-09-10 08:50:13,2024-09-10 08:50:13,https://exagri.info/mkt/2020/13.10.2020.html
national,552.33,552.33,590.4166353822578,542.5922595518452,800.0,783.2,2020-10-20 00:00:00,2024-09-10 08:49:25,2024-09-10 08:49:25,https://exagri.info/mkt/2020/20.10.2020.html
national,538.08,538.08,562.2774219493298,516.9662123911862,900.0,780.2,2020-10-27 00:00:00,2024-09-10 09:19:54,2024-09-10 09:19:54,https://exagri.info/mkt/2020/27.10.2020.html
national,534.6,534.6,561.0704882316026,514.936044260443,900.0,782.8,2020-11-03 00:00:00,2024-09-10 08:52:25,2024-09-10 08:52:25,https://exagri.info/mkt/2020/03.11.2020.html
national,550.42,550.42,530.0,525.0,900.0,746.4,2020-11-10 00:00:00,2024-09-10 09:04:46,2024-09-10 09:04:46,https://exagri.info/mkt/2020/10.11.2020.html
national,552.67,552.67,572.3995575501078,528.7062554620918,900.0,783.0,2020-11-17 00:00:00,2024-09-10 08:48:54,2024-09-10 08:48:54,https://exagri.info/mkt/2020/17.11.2020.html
national,558.0,558.0,577.1973324096916,533.6966605440306,900.0,787.0,2020-11-24 00:00:00,2024-09-10 09:15:14,2024-09-10 09:15:14,https://exagri.info/mkt/2020/24.11.2020.html
national,560.33,560.33,582.0477860230026,537.6341119663487,900.0,796.2,2020-12-01 00:00:00,2024-09-10 09:08:13,2024-09-10 09:08:13,https://exagri.info/mkt/2020/01.12.2020.html
national,555.07,555.07,585.5698704726863,537.9753695053024,900.0,814.6,2020-12-08 00:00:00,2024-09-10 09:09:20,2024-09-10 09:09:20,https://exagri.info/mkt/2020/08.12.2020.html
national,544.36,544.36,571.4355722840512,525.081689027655,900.0,794.4,2020-12-15 00:00:00,2024-09-10 09:18:55,2024-09-10 09:18:55,https://exagri.info/mkt/2020/15.12.2020.html
national,531.54,531.54,563.5982307639148,515.4399265351653,900.0,794.8,2020-12-22 00:00:00,2024-09-10 09:15:06,2024-09-10 09:15:06,https://exagri.info/mkt/2020/22.12.2020.html
national,525.71,525.71,562.5347837181351,512.6501404857617,900.0,801.75,2020-12-28 00:00:00,2024-09-10 08:51:09,2024-09-10 08:51:09,https://exagri.info/mkt/2020/28.12.2020.html
national,527.43,527.43,550.101770024243,505.3434648099044,900.0,765.2,2021-01-05 00:00:00,2024-09-10 09:16:04,2024-09-10 09:16:04,https://exagri.info/mkt/2021/05.01.2021.html
national,522.57,522.57,549.069814674663,502.92508213598,900.0,770.6,2021-01-12 00:00:00,2024-09-10 09:11:22,2024-09-10 09:11:22,https://exagri.info/mkt/2021/12.01.2021.html
national,518.79,518.79,500.0,500.0,900.0,815.0,2021-01-19 00:00:00,2024-09-10 09:08:37,2024-09-10 09:08:37,https://exagri.info/mkt/2021/19.01.2021.html
national,512.21,512.21,546.6811654153282,497.64940463601897,900.0,781.6,2021-01-26 00:00:00,2024-09-10 09:21:03,2024-09-10 09:21:03,https://exagri.info/mkt/2021/26.01.2021.html
national,507.71,507.71,553.1774359369077,501.42185496144873,850.0,782.2,2021-02-02 00:00:00,2024-09-10 09:20:04,2024-09-10 09:20:04,https://exagri.info/mkt/2021/02.02.2021.html
national,505.86,505.86,558.6858285468578,504.7686164134426,830.0,790.4,2021-02-09 00:00:00,2024-09-10 09:08:21,2024-09-10 09:08:21,https://exagri.info/mkt/2021/09.02.2021.html
national,509.64,509.64,547.2233617068559,497.06439863985327,900.0,787.4,2021-02-16 00:00:00,2024-09-10 08:57:45,2024-09-10 08:57:45,https://exagri.info/mkt/2021/16.02.2021.html
national,1266.92,1266.92,1111.5868981527492,1103.584805965832,2000.0,1578.75,2021-02-22 00:00:00,2024-09-10 08:52:44,2024-09-10 08:52:44,https://exagri.info/mkt/2022/22.02.2022.html
national,521.0,521.0,553.2023100303409,503.7330794009307,950.0,809.0,2021-02-23 00:00:00,2024-09-10 09:18:02,2024-09-10 09:18:02,https://exagri.info/mkt/2021/23.02.2021.html
national,536.85,536.85,550.0,500.0,900.0,784.8,2021-03-02 00:00:00,2024-09-10 08:58:55,2024-09-10 08:58:55,https://exagri.info/mkt/2021/02.03.2021.html
national,572.71,572.71,560.0,530.0,900.0,818.2,2021-03-09 00:00:00,2024-09-10 08:48:42,2024-09-10 08:48:42,https://exagri.info/mkt/2021/09.03.2021.html
national,602.79,602.79,600.0,600.0,1000.0,834.4,2021-03-16 00:00:00,2024-09-10 08:56:48,2024-09-10 08:56:48,https://exagri.info/mkt/2021/16.03.2021.html
national,661.86,661.86,657.2931883308056,618.6201881538633,1050.0,902.4,2021-03-23 00:00:00,2024-09-10 09:10:48,2024-09-10 09:10:48,https://exagri.info/mkt/2021/23.03.2021.html
national,654.64,654.64,657.144289296605,617.1692863463464,1000.0,889.6,2021-03-30 00:00:00,2024-09-10 08:56:20,2024-09-10 08:56:20,https://exagri.info/mkt/2021/30.03.2021.html
national,682.21,682.21,682.0756754147139,643.0556440054976,1000.0,910.6,2021-04-06 00:00:00,2024-09-10 09:07:33,2024-09-10 09:07:33,https://exagri.info/mkt/2021/06.04.2021.html
national,685.31,685.31,679.8800553299537,641.5190412445282,1050.0,924.0,2021-04-20 00:00:00,2024-09-10 09:08:43,2024-09-10 09:08:43,https://exagri.info/mkt/2021/20.04.2021.html
national,678.0,678.0,677.8393464137001,637.5699368092952,1050.0,930.8,2021-04-27 00:00:00,2024-09-10 09:14:53,2024-09-10 09:14:53,https://exagri.info/mkt/2021/27.04.2021.html
national,673.15,673.15,674.220442236465,632.2462183375062,1100.0,953.75,2021-05-04 00:00:00,2024-09-10 09:14:12,2024-09-10 09:14:12,https://exagri.info/mkt/2021/04.05.2021.html
national,664.38,664.38,682.4496031621652,636.8363926941057,1000.0,941.67,2021-05-11 00:00:00,2024-09-10 09:08:09,2024-09-10 09:08:09,https://exagri.info/mkt/2021/11.05.2021.html
national,656.38,656.38,658.5606029965269,618.7027946973484,1000.0,890.5,2021-05-18 00:00:00,2024-09-10 09:17:36,2024-09-10 09:17:36,https://exagri.info/mkt/2021/18.05.2021.html
national,747.62,747.62,745.8219394920895,704.8846541583505,1100.0,1022.0,2021-06-22 00:00:00,2024-09-10 09:13:00,2024-09-10 09:13:00,https://exagri.info/mkt/2021/22.06.2021.html
national,761.62,761.62,751.4500824227357,712.2857606801865,1150.0,1038.2,2021-06-29 00:00:00,2024-09-10 09:04:10,2024-09-10 09:04:10,https://exagri.info/mkt/2021/29.06.2021.html
national,752.64,752.64,732.715040311569,695.8253254809847,1200.0,1027.2,2021-07-06 00:00:00,2024-09-10 09:05:26,2024-09-10 09:05:26,https://exagri.info/mkt/2021/06.07.2021.html
national,747.07,747.07,735.8223510473671,695.7897681626008,1200.0,1045.0,2021-07-13 00:00:00,2024-09-10 09:20:53,2024-09-10 09:20:53,https://exagri.info/mkt/2021/13.07.2021.html
national,746.38,746.38,743.0037762988547,700.1200910201444,1200.0,1065.6,2021-07-19 00:00:00,2024-09-10 09:03:13,2024-09-10 09:03:13,https://exagri.info/mkt/2021/19.07.2021.html
national,747.08,747.08,731.6788231565957,694.4097276647811,1150.0,1009.2,2021-07-27 00:00:00,2024-09-10 08:54:06,2024-09-10 08:54:06,https://exagri.info/mkt/2021/27.07.2021.html
national,739.57,739.57,719.7826334480001,681.5844117711268,1250.0,1038.8,2021-08-03 00:00:00,2024-09-10 09:19:57,2024-09-10 09:19:57,https://exagri.info/mkt/2021/03.08.2021.html
national,727.07,727.07,728.242128107952,683.7115128568599,1200.0,1058.2,2021-08-10 00:00:00,2024-09-10 08:50:49,2024-09-10 08:50:49,https://exagri.info/mkt/2021/10.08.2021.html
national,728.54,728.54,719.6485177005278,676.244954725104,1300.0,1081.6,2021-08-17 00:00:00,2024-09-10 09:17:41,2024-09-10 09:17:41,https://exagri.info/mkt/2021/17.08.2021.html
national,819.0,819.0,805.1445471551651,763.536481798311,1300.0,1160.5,2021-10-05 00:00:00,2024-09-10 08:55:40,2024-09-10 08:55:40,https://exagri.info/mkt/2021/05.10.2021.html
national,817.21,817.21,829.1170277701826,778.1775427408277,1300.0,1228.4,2021-10-12 00:00:00,2024-09-10 09:08:59,2024-09-10 09:08:59,https://exagri.info/mkt/2021/12.10.2021.html
national,829.0,829.0,787.0052346714658,753.7007297236706,1375.0,1131.4,2021-10-18 00:00:00,2024-09-10 09:05:31,2024-09-10 09:05:31,https://exagri.info/mkt/2021/18.10.2021.html
national,882.54,882.54,849.1414187165933,812.0922747071163,1400.0,1221.6,2021-10-26 00:00:00,2024-09-10 09:02:38,2024-09-10 09:02:38,https://exagri.info/mkt/2021/26.10.2021.html
national,938.64,938.64,800.0,800.0,1400.0,1222.4,2021-11-02 00:00:00,2024-09-10 09:20:20,2024-09-10 09:20:20,https://exagri.info/mkt/2021/02.11.2021.html
national,956.21,956.21,890.0030265670644,864.8354185877175,1400.0,1208.0,2021-11-09 00:00:00,2024-09-10 09:17:21,2024-09-10 09:17:21,https://exagri.info/mkt/2021/09.11.2021.html
national,988.43,988.43,923.4467685818994,897.8350130028053,1400.0,1244.2,2021-11-16 00:00:00,2024-09-10 09:13:41,2024-09-10 09:13:41,https://exagri.info/mkt/2021/16.11.2021.html
national,1040.5,1040.5,955.4359885046183,937.0962795740564,1400.0,1243.0,2021-11-23 00:00:00,2024-09-10 08:59:57,2024-09-10 08:59:57,https://exagri.info/mkt/2021/23.11.2021.html
national,1059.29,1059.29,989.6776516467576,965.7406496880014,1400.0,1304.0,2021-11-30 00:00:00,2024-09-10 08:56:27,2024-09-10 08:56:27,https://exagri.info/mkt/2021/30.11.2021.html
national,1073.71,1073.71,994.2489121185699,971.360774371702,1500.0,1341.2,2021-12-07 00:00:00,2024-09-10 09:17:25,2024-09-10 09:17:25,https://exagri.info/mkt/2021/07.12.2021.html
national,1121.86,1121.86,1022.0695251236482,1001.5074643695126,1700.0,1433.6,2021-12-14 00:00:00,2024-09-10 09:16:31,2024-09-10 09:16:31,https://exagri.info/mkt/2021/14.12.2021.html
national,1126.93,1126.93,1042.0016546767804,1016.0562175041447,1700.0,1479.0,2021-12-21 00:00:00,2024-09-10 09:02:31,2024-09-10 09:02:31,https://exagri.info/mkt/2021/21.12.2021.html
national,1140.86,1140.86,1046.8356181996814,1024.1844844276266,1700.0,1468.6,2021-12-28 00:00:00,2024-09-10 08:54:32,2024-09-10 08:54:32,https://exagri.info/mkt/2021/28.12.2021.html
national,1133.43,1133.43,1035.4326287112426,1011.7027006211216,1800.0,1499.4,2022-01-04 00:00:00,2024-09-10 09:04:54,2024-09-10 09:04:54,https://exagri.info/mkt/2022/04.01.2022.html
national,1146.71,1146.71,1055.0102391652313,1028.998875016392,1800.0,1530.0,2022-01-11 00:00:00,2024-09-10 09:15:33,2024-09-10 09:15:33,https://exagri.info/mkt/2022/11.01.2022.html
national,1141.85,1141.85,1041.797208369888,1017.5525120476847,1850.0,1527.0,2022-01-18 00:00:00,2024-09-10 08:48:34,2024-09-10 08:48:34,https://exagri.info/mkt/2022/18.01.2022.html
national,1138.71,1138.71,993.1471608903461,976.5735970513078,2200.0,1572.6,2022-01-25 00:00:00,2024-09-10 09:20:16,2024-09-10 09:20:16,https://exagri.info/mkt/2022/25.01.2022.html
national,1100.57,1100.57,1022.6620028391072,990.3973505089465,1850.0,1544.8,2022-02-01 00:00:00,2024-09-10 09:15:39,2024-09-10 09:15:39,https://exagri.info/mkt/2022/01.02.2022.html
national,1101.57,1101.57,1039.8257583589234,1002.9654102049027,1800.0,1565.0,2022-02-08 00:00:00,2024-09-10 09:10:32,2024-09-10 09:10:32,https://exagri.info/mkt/2022/08.02.2022.html
national,1170.71,1170.71,1085.9436144400406,1054.9021720097053,1900.0,1622.4,2022-02-14 00:00:00,2024-09-10 09:12:24,2024-09-10 09:12:24,https://exagri.info/mkt/2022/14.02.2022.html
national,1351.93,1351.93,1000.0,1000.0,1950.0,1709.0,2022-03-08 00:00:00,2024-09-10 09:07:28,2024-09-10 09:07:28,https://exagri.info/mkt/2022/08.03.2022.html
national,1419.57,1419.57,1273.8797060944694,1259.8625778820333,2100.0,1809.8,2022-03-15 00:00:00,2024-09-10 09:18:44,2024-09-10 09:18:44,https://exagri.info/mkt/2022/15.03.2022.html
national,1530.86,1530.86,1333.2690352088653,1333.0117172447303,2300.0,1881.2,2022-03-22 00:00:00,2024-09-10 08:51:04,2024-09-10 08:51:04,https://exagri.info/mkt/2022/22.03.2022.html
national,1527.14,1527.14,1359.2538257698038,1348.2371912911271,2300.0,1957.8,2022-03-29 00:00:00,2024-09-10 09:11:59,2024-09-10 09:11:59,https://exagri.info/mkt/2022/29.03.2022.html
national,1584.29,1584.29,1385.636930328218,1383.2447731197644,2400.0,1982.0,2022-04-05 00:00:00,2024-09-10 08:56:08,2024-09-10 08:56:08,https://exagri.info/mkt/2022/05.04.2022.html
national,1733.54,1733.54,1506.1815809440482,1504.1104393956748,2800.0,2253.2,2022-04-19 00:00:00,2024-09-10 09:20:57,2024-09-10 09:20:57,https://exagri.info/mkt/2022/19.04.2022.html
national,1902.5,1902.5,1632.0841453921166,1640.5680914300538,3000.0,2407.4,2022-04-26 00:00:00,2024-09-10 09:17:45,2024-09-10 09:17:45,https://exagri.info/mkt/2022/26.04.2022.html
national,1984.36,1984.36,1751.42492042208,1746.3306234763886,3000.0,2592.4,2022-05-04 00:00:00,2024-09-10 08:51:00,2024-09-10 08:51:00,https://exagri.info/mkt/2022/04.05.2022.html
national,1817.57,1817.57,1573.642066463909,1572.534136862273,3000.0,2392.4,2022-05-17 00:00:00,2024-09-10 08:57:55,2024-09-10 08:57:55,https://exagri.info/mkt/2022/17.05.2022.html
national,1802.29,1802.29,1585.0370185841866,1574.2675358682045,3000.0,2449.0,2022-05-24 00:00:00,2024-09-10 08:57:06,2024-09-10 08:57:06,https://exagri.info/mkt/2022/24.05.2022.html
national,1716.07,1716.07,1471.109019695908,1470.3780880559161,3000.0,2286.0,2022-05-31 00:00:00,2024-09-10 09:04:33,2024-09-10 09:04:33,https://exagri.info/mkt/2022/31.05.2022.html
national,1735.93,1735.93,1500.0,1500.0,2900.0,2370.6,2022-06-07 00:00:00,2024-09-10 08:55:08,2024-09-10 08:55:08,https://exagri.info/mkt/2022/07.06.2022.html
national,1721.86,1721.86,1573.5132479720105,1537.787361395373,3000.0,2553.4,2022-06-15 00:00:00,2024-09-10 08:56:12,2024-09-10 08:56:12,https://exagri.info/mkt/2022/15.06.2022.html
national,1725.43,1725.43,1576.3670517294731,1544.6775757329624,2850.0,2481.4,2022-06-21 00:00:00,2024-09-10 09:18:36,2024-09-10 09:18:36,https://exagri.info/mkt/2022/21.06.2022.html
national,1755.14,1755.14,1576.1885266260956,1554.0651650676364,2900.0,2455.4,2022-06-28 00:00:00,2024-09-10 08:55:33,2024-09-10 08:55:33,https://exagri.info/mkt/2022/28.06.2022.html
national,1781.14,1781.14,1594.0319698299145,1572.3442229436087,3000.0,2509.0,2022-07-05 00:00:00,2024-09-10 09:12:52,2024-09-10 09:12:52,https://exagri.info/mkt/2022/05.07.2022.html
national,1789.07,1789.07,1627.1876176250844,1597.6216601136966,2950.0,2560.8,2022-07-12 00:00:00,2024-09-10 08:55:54,2024-09-10 08:55:54,https://exagri.info/mkt/2022/12.07.2022.html
national,1806.21,1806.21,1600.8653026292723,1584.523360830337,3050.0,2509.8,2022-07-19 00:00:00,2024-09-10 09:16:51,2024-09-10 09:16:51,https://exagri.info/mkt/2022/19.07.2022.html
national,1832.43,1832.43,1671.86762483749,1640.5633105560096,3000.0,2633.2,2022-07-26 00:00:00,2024-09-10 08:48:48,2024-09-10 08:48:48,https://exagri.info/mkt/2022/26.07.2022.html
national,1846.21,1846.21,1721.0191541692107,1676.902479259451,3000.0,2743.0,2022-08-02 00:00:00,2024-09-10 09:02:59,2024-09-10 09:02:59,https://exagri.info/mkt/2022/02.08.2022.html
national,1838.36,1838.36,1642.0867046511553,1623.717135386442,3000.0,2542.6,2022-08-09 00:00:00,2024-09-10 08:54:59,2024-09-10 08:54:59,https://exagri.info/mkt/2022/09.08.2022.html
national,1812.14,1812.14,1636.4193375671566,1608.08803042289,3100.0,2620.6,2022-08-16 00:00:00,2024-09-10 09:03:52,2024-09-10 09:03:52,https://exagri.info/mkt/2022/16.08.2022.html
national,1761.64,1761.64,1564.816314781578,1546.6482319513443,3000.0,2462.8,2022-08-23 00:00:00,2024-09-10 09:03:48,2024-09-10 09:03:48,https://exagri.info/mkt/2022/23.08.2022.html
national,1750.93,1750.93,1619.6029534079203,1580.2295888118924,2900.0,2580.0,2022-08-30 00:00:00,2024-09-10 09:19:47,2024-09-10 09:19:47,https://exagri.info/mkt/2022/30.08.2022.html
national,1747.93,1747.93,1620.1728983332282,1579.5065415158533,2900.0,2586.6,2022-09-06 00:00:00,2024-09-10 09:06:55,2024-09-10 09:06:55,https://exagri.info/mkt/2022/06.09.2022.html
national,1746.64,1746.64,1618.6769592328824,1573.0491050036476,3100.0,2683.0,2022-09-13 00:00:00,2024-09-10 08:50:28,2024-09-10 08:50:28,https://exagri.info/mkt/2022/13.09.2022.html
national,1773.14,1773.14,1658.879981399224,1610.806061619472,3000.0,2698.0,2022-09-20 00:00:00,2024-09-10 09:20:34,2024-09-10 09:20:34,https://exagri.info/mkt/2022/20.09.2022.html
national,1800.36,1800.36,1671.867287426136,1626.4297958387347,3100.0,2736.4,2022-09-27 00:00:00,2024-09-10 09:18:59,2024-09-10 09:18:59,https://exagri.info/mkt/2022/27.09.2022.html
national,1806.29,1806.29,1654.1545338611454,1614.7624939719308,3200.0,2727.6,2022-10-04 00:00:00,2024-09-10 09:11:54,2024-09-10 09:11:54,https://exagri.info/mkt/2022/04.10.2016.html
national,1807.79,1807.79,1689.79630598325,1640.5557419096153,3100.0,2772.4,2022-10-11 00:00:00,2024-09-10 08:50:18,2024-09-10 08:50:18,https://exagri.info/mkt/2022/11.10.2022.html
national,1815.07,1815.07,1701.6970270307465,1653.3006455525683,3000.0,2743.2,2022-10-18 00:00:00,2024-09-10 09:06:26,2024-09-10 09:06:26,https://exagri.info/mkt/2022/18.10.2022.html
national,1803.07,1803.07,1699.2242616801627,1649.8954016363246,2900.0,2707.6,2022-10-25 00:00:00,2024-09-10 09:15:27,2024-09-10 09:15:27,https://exagri.info/mkt/2022/25.10.2022.html
national,1796.57,1796.57,1678.6928834147902,1626.8923416083371,3200.0,2810.4,2022-11-01 00:00:00,2024-09-10 08:51:12,2024-09-10 08:51:12,https://exagri.info/mkt/2022/01.11.2022.html
national,1795.79,1795.79,1633.403322793578,1600.2427451990766,3100.0,2640.0,2022-11-08 00:00:00,2024-09-10 08:52:12,2024-09-10 08:52:12,https://exagri.info/mkt/2022/08.11.2022.html
national,1766.29,1766.29,1625.1756916843292,1581.7927705047377,3200.0,2716.6,2022-11-15 00:00:00,2024-09-10 09:13:05,2024-09-10 09:13:05,https://exagri.info/mkt/2022/15.11.2022.html
national,1725.0,1725.0,1620.1249801288059,1566.134977363914,3100.0,2723.4,2022-11-22 00:00:00,2024-09-10 08:49:16,2024-09-10 08:49:16,https://exagri.info/mkt/2022/22.11.2022.html
national,1641.57,1641.57,1529.881639855103,1478.3618230058573,3100.0,2619.8,2022-11-29 00:00:00,2024-09-10 08:54:02,2024-09-10 08:54:02,https://exagri.info/mkt/2022/29.11.2022.html
national,1599.79,1599.79,1580.0,1560.0,3000.0,2672.2,2022-12-05 00:00:00,2024-09-10 09:21:16,2024-09-10 09:21:16,https://exagri.info/mkt/2022/05.12.2022.html
national,1623.79,1623.79,1650.0,1580.0,3000.0,2728.4,2022-12-13 00:00:00,2024-09-10 09:06:04,2024-09-10 09:06:04,https://exagri.info/mkt/2022/13.12.2022.html
national,1664.14,1664.14,1660.0,1640.0,3000.0,2754.6,2022-12-20 00:00:00,2024-09-10 09:07:11,2024-09-10 09:07:11,https://exagri.info/mkt/2022/20.12.2022.html
national,1669.29,1669.29,1680.0,1660.0,3000.0,2599.2,2022-12-27 00:00:00,2024-09-10 08:57:16,2024-09-10 08:57:16,https://exagri.info/mkt/2022/27.12.2022.html
national,1667.0,1667.0,1620.0,1605.0,3000.0,2673.8,2023-01-03 00:00:00,2024-09-10 09:06:18,2024-09-10 09:06:18,https://exagri.info/mkt/2023/03.01.2023.html
national,1670.64,1670.64,1650.0,1650.0,3050.0,2669.0,2023-01-10 00:00:00,2024-09-10 09:18:27,2024-09-10 09:18:27,https://exagri.info/mkt/2023/10.01.2023.html
national,1678.64,1678.64,1650.0,1632.0,3000.0,2714.8,2023-01-17 00:00:00,2024-09-10 08:56:16,2024-09-10 08:56:16,https://exagri.info/mkt/2023/17.01.2023.html
national,1691.21,1691.21,1650.0,1620.0,3000.0,2658.4,2023-01-24 00:00:00,2024-09-10 09:14:57,2024-09-10 09:14:57,https://exagri.info/mkt/2023/24.01.2023.html
national,1687.14,1687.14,1650.0,1635.0,3600.0,2736.4,2023-01-31 00:00:00,2024-09-10 08:51:34,2024-09-10 08:51:34,https://exagri.info/mkt/2023/31.01.2023.html
national,1673.86,1673.86,1650.0,1585.0,3200.0,2625.0,2023-02-07 00:00:00,2024-09-10 08:58:46,2024-09-10 08:58:46,https://exagri.info/mkt/2023/07.02.2023.html
national,1663.29,1663.29,1630.5833151387378,1552.972879937673,3000.0,2806.6,2023-02-14 00:00:00,2024-09-10 08:54:20,2024-09-10 08:54:20,https://exagri.info/mkt/2023/14.02.2023.html
national,1659.93,1659.93,1600.1886389668393,1532.3705703303658,3000.0,2730.0,2023-02-21 00:00:00,2024-09-10 09:12:43,2024-09-10 09:12:43,https://exagri.info/mkt/2023/21.02.2023.html
national,1670.71,1670.71,1579.8574945581458,1523.30794421256,3000.0,2656.8,2023-02-28 00:00:00,2024-09-10 09:05:10,2024-09-10 09:05:10,https://exagri.info/mkt/2023/28.02.2023.html
national,1460.29,1460.29,1356.5771625942812,1312.245802549936,2700.0,2259.8,2023-03-07 00:00:00,2024-09-10 09:01:30,2024-09-10 09:01:30,https://exagri.info/mkt/2023/07.03.2023.html
national,1322.0,1322.0,1287.5109178469434,1218.1097478986903,2700.0,2306.0,2023-03-14 00:00:00,2024-09-10 08:59:07,2024-09-10 08:59:07,https://exagri.info/mkt/2023/14.03.2023.html
national,1445.86,1445.86,1356.7522185222979,1307.1311381978176,2700.0,2284.6,2023-03-21 00:00:00,2024-09-10 09:09:46,2024-09-10 09:09:46,https://exagri.info/mkt/2023/21.03.2023.html
national,1408.71,1408.71,1371.1050127117246,1307.8661804453936,2500.0,2287.8,2023-03-28 00:00:00,2024-09-10 08:51:22,2024-09-10 08:51:22,https://exagri.info/mkt/2023/28.03.2023.html
national,1460.79,1460.79,1444.0383840088116,1373.244773620706,2500.0,2397.4,2023-04-03 00:00:00,2024-09-10 09:01:09,2024-09-10 09:01:09,https://exagri.info/mkt/2023/03.04.2023.html
national,1460.64,1460.64,1408.6346913966868,1349.3513499180754,2550.0,2326.4,2023-04-10 00:00:00,2024-09-10 08:54:25,2024-09-10 08:54:25,https://exagri.info/mkt/2023/10.04.2023.html
national,1456.92,1456.92,1380.1703707768474,1328.5907808169259,2600.0,2280.2,2023-04-18 00:00:00,2024-09-10 09:10:37,2024-09-10 09:10:37,https://exagri.info/mkt/2023/18.04.2023.html
national,1446.71,1446.71,1393.7858666219313,1331.0586256139873,2700.0,2383.4,2023-05-02 00:00:00,2024-09-10 09:10:53,2024-09-10 09:10:53,https://exagri.info/mkt/2023/02.05.2023.html
national,1463.21,1463.21,1400.0,1400.0,2800.0,2333.2,2023-05-09 00:00:00,2024-09-10 09:12:38,2024-09-10 09:12:38,https://exagri.info/mkt/2023/09.05.2023.html
national,1442.43,1442.43,1400.0,1400.0,2850.0,2419.2,2023-05-16 00:00:00,2024-09-10 09:13:09,2024-09-10 09:13:09,https://exagri.info/mkt/2023/16.05.2023.html
national,1384.07,1384.07,1316.8846240184866,1256.8066452976182,2800.0,2330.0,2023-05-23 00:00:00,2024-09-10 09:07:24,2024-09-10 09:07:24,https://exagri.info/mkt/2023/23.05.2023.html
national,1335.71,1335.71,1350.0,1350.0,2500.0,2095.8,2023-05-30 00:00:00,2024-09-10 08:50:43,2024-09-10 08:50:43,https://exagri.info/mkt/2023/30.05.2023.html
national,1443.5,1443.5,1303.7308163154294,1277.4960758021052,2500.0,2046.8,2023-06-06 00:00:00,2024-09-10 09:03:34,2024-09-10 09:03:34,https://exagri.info/mkt/2023/06.06.2023.html
national,1327.43,1327.43,1230.1512483018387,1183.4930743947725,2700.0,2141.6,2023-06-13 00:00:00,2024-09-10 08:50:09,2024-09-10 08:50:09,https://exagri.info/mkt/2023/13.06.2023.html
national,1339.0,1339.0,1266.8419704377957,1211.084458508783,2700.0,2221.4,2023-06-20 00:00:00,2024-09-10 09:00:22,2024-09-10 09:00:22,https://exagri.info/mkt/2023/20.06.2023.html
national,1346.36,1346.36,1255.1693214833958,1206.3054515713643,2700.0,2177.4,2023-06-27 00:00:00,2024-09-10 09:12:48,2024-09-10 09:12:48,https://exagri.info/mkt/2023/27.06.2023.html
national,1327.21,1327.21,1255.3370060253187,1201.9946414197784,2600.0,2161.0,2023-07-04 00:00:00,2024-09-10 09:04:26,2024-09-10 09:04:26,https://exagri.info/mkt/2023/04.07.2023.html
national,1346.86,1346.86,1200.0,1200.0,2500.0,2212.4,2023-07-11 00:00:00,2024-09-10 09:06:32,2024-09-10 09:06:32,https://exagri.info/mkt/2023/11.07.2023.html
national,1394.5,1394.5,1200.0,1200.0,2500.0,2197.2,2023-07-18 00:00:00,2024-09-10 08:52:00,2024-09-10 08:52:00,https://exagri.info/mkt/2023/18.07.2023.html
national,1565.93,1565.93,1200.0,1200.0,3000.0,2278.6,2023-07-25 00:00:00,2024-09-10 09:15:49,2024-09-10 09:15:49,https://exagri.info/mkt/2023/25.07.2023.html
national,1659.43,1659.43,1444.0322983861765,1432.5947759054452,3000.0,2308.2,2023-07-31 00:00:00,2024-09-10 09:09:24,2024-09-10 09:09:24,https://exagri.info/mkt/2023/31.07.2023.html
national,1947.14,1947.14,1687.3039549822024,1691.9545325755103,3000.0,2481.6,2023-08-08 00:00:00,2024-09-10 09:18:49,2024-09-10 09:18:49,https://exagri.info/mkt/2023/08.08.2023.html
national,1872.14,1872.14,1750.0,1750.0,3000.0,2487.2,2023-08-15 00:00:00,2024-09-10 08:56:43,2024-09-10 08:56:43,https://exagri.info/mkt/2023/15.08.2023.html
national,1903.14,1903.14,1960.0,1875.0,3000.0,2389.8,2023-08-22 00:00:00,2024-09-10 08:56:34,2024-09-10 08:56:34,https://exagri.info/mkt/2023/22.08.2023.html
national,1941.21,1941.21,1950.0,1950.0,3100.0,2582.0,2023-08-28 00:00:00,2024-09-10 09:06:51,2024-09-10 09:06:51,https://exagri.info/mkt/2023/28.08.2023.html
national,1931.21,1931.21,1400.0,1400.0,3000.0,2482.8,2023-09-05 00:00:00,2024-09-10 09:16:41,2024-09-10 09:16:41,https://exagri.info/mkt/2023/05.09.2023.html
national,1944.14,1944.14,1850.0,1850.0,3000.0,2530.6,2023-09-12 00:00:00,2024-09-10 09:13:26,2024-09-10 09:13:26,https://exagri.info/mkt/2023/12.09.2023.html
national,1936.57,1936.57,1685.8929315415508,1687.226314872522,3000.0,2495.6,2023-09-19 00:00:00,2024-09-10 09:09:12,2024-09-10 09:09:12,https://exagri.info/mkt/2023/19.09.2023.html
national,1889.07,1889.07,1600.0,1600.0,2800.0,2498.6,2023-09-26 00:00:00,2024-09-10 09:16:26,2024-09-10 09:16:26,https://exagri.info/mkt/2023/26.09.2023.html
national,1902.71,1902.71,1679.3874503522752,1675.8497759291445,2800.0,2436.8,2023-10-03 00:00:00,2024-09-10 08:55:04,2024-09-10 08:55:04,https://exagri.info/mkt/2023/03.10.2023.html
national,1926.36,1926.36,1700.0,1700.0,3000.0,2485.6,2023-10-10 00:00:00,2024-09-10 09:09:04,2024-09-10 09:09:04,https://exagri.info/mkt/2023/10.10.2023.html
national,1932.0,1932.0,1675.3613401744387,1678.8542078663327,3000.0,2474.8,2023-10-17 00:00:00,2024-09-10 09:11:01,2024-09-10 09:11:01,https://exagri.info/mkt/2023/17.10.2023.html
national,1949.71,1949.71,1400.0,1400.0,3000.0,2531.6,2023-10-24 00:00:00,2024-09-10 09:06:46,2024-09-10 09:06:46,https://exagri.info/mkt/2023/24.10.2023.html
national,1965.79,1965.79,1709.5612950500495,1712.904734719917,3000.0,2510.4,2023-10-31 00:00:00,2024-09-10 08:52:36,2024-09-10 08:52:36,https://exagri.info/mkt/2023/31.10.2023.html
national,1950.0,1950.0,1718.8651019018357,1713.119711767567,3000.0,2562.2,2023-11-07 00:00:00,2024-09-10 09:15:10,2024-09-10 09:15:10,https://exagri.info/mkt/2023/07.11.2023.html
national,1933.86,1933.86,1700.0,1700.0,3000.0,2541.6,2023-11-14 00:00:00,2024-09-10 08:53:37,2024-09-10 08:53:37,https://exagri.info/mkt/2023/14.11.2023.html
national,1930.93,1930.93,1760.0,1741.0,2800.0,2445.6,2023-11-21 00:00:00,2024-09-10 09:14:46,2024-09-10 09:14:46,https://exagri.info/mkt/2023/21.11.2023.html
national,1920.14,1920.14,1700.0,1700.0,2700.0,2453.8,2023-11-28 00:00:00,2024-09-10 08:54:38,2024-09-10 08:54:38,https://exagri.info/mkt/2023/28.11.2023.html
national,1887.43,1887.43,1600.0,1600.0,2800.0,2461.0,2023-12-05 00:00:00,2024-09-10 09:04:06,2024-09-10 09:04:06,https://exagri.info/mkt/2023/05.12.2023.html
national,1903.71,1903.71,1800.0,1700.0,2700.0,2450.2,2023-12-12 00:00:00,2024-09-10 08:59:52,2024-09-10 08:59:52,https://exagri.info/mkt/2023/12.12.2023.html
national,1887.86,1887.86,1750.0,1687.5,2800.0,2498.2,2023-12-19 00:00:00,2024-09-10 09:16:18,2024-09-10 09:16:18,https://exagri.info/mkt/2023/19.12.2023.html
national,1876.07,1876.07,1700.0,1687.5,2800.0,2440.2,2023-12-27 00:00:00,2024-09-10 09:01:02,2024-09-10 09:01:02,https://exagri.info/mkt/2023/27.12.2023.html
national,1881.14,1881.14,1750.0,1725.0,2700.0,2485.2,2024-01-02 00:00:00,2024-09-10 09:12:56,2024-09-10 09:12:56,https://exagri.info/mkt/2024/02.01.2024.html
national,1899.29,1899.29,1800.0,1750.0,2600.0,2457.2,2024-01-09 00:00:00,2024-09-10 08:52:53,2024-09-10 08:52:53,https://exagri.info/mkt/2024/09.01.2024.html
national,1906.07,1906.07,1850.0,1765.0,2800.0,2519.8,2024-01-16 00:00:00,2024-09-10 09:13:53,2024-09-10 09:13:53,https://exagri.info/mkt/2024/16.01.2024.html
national,1900.93,1900.93,1900.0,1825.0,2800.0,2518.8,2024-01-23 00:00:00,2024-09-10 09:14:16,2024-09-10 09:14:16,https://exagri.info/mkt/2024/24.01.2024.html
national,1870.79,1870.79,1800.0,1794.0,2700.0,2451.6,2024-01-30 00:00:00,2024-09-10 09:11:18,2024-09-10 09:11:18,https://exagri.info/mkt/2024/30.01.2024.html
national,1860.0,1860.0,1800.0,1675.0,2700.0,2365.0,2024-02-06 00:00:00,2024-09-10 09:06:58,2024-09-10 09:06:58,https://exagri.info/mkt/2024/06.02.2024.html
national,1814.64,1814.64,1700.0,1700.0,2750.0,2449.6,2024-02-13 00:00:00,2024-09-10 09:21:10,2024-09-10 09:21:10,https://exagri.info/mkt/2024/13.02.2024.html
national,1781.79,1781.79,1800.0,1712.5,2900.0,2373.0,2024-02-20 00:00:00,2024-09-10 09:00:53,2024-09-10 09:00:53,https://exagri.info/mkt/2024/20.02.2024.html
national,1782.0,1782.0,1750.0,1720.0,2800.0,2435.0,2024-02-27 00:00:00,2024-09-10 09:14:26,2024-09-10 09:14:26,https://exagri.info/mkt/2024/27.02.2024.html
national,1764.57,1764.57,1500.0,1500.0,2800.0,2432.2,2024-03-05 00:00:00,2024-09-10 09:11:10,2024-09-10 09:11:10,https://exagri.info/mkt/2024/05.03.2024.html
national,1719.5,1719.5,1530.0,1500.0,2800.0,2432.0,2024-03-12 00:00:00,2024-09-10 09:18:52,2024-09-10 09:18:52,https://exagri.info/mkt/2024/12.03.2024.html
national,1693.14,1693.14,1541.0850368669899,1516.7753577739413,2600.0,2317.5,2024-03-19 00:00:00,2024-09-10 09:16:55,2024-09-10 09:16:55,https://exagri.info/mkt/2024/19.03.2024.html
national,1639.86,1639.86,1200.0,1200.0,2700.0,2339.2,2024-03-26 00:00:00,2024-09-10 08:52:16,2024-09-10 08:52:16,https://exagri.info/mkt/2024/26.03.2024.html
national,1586.71,1586.71,1200.0,1200.0,2500.0,2206.0,2024-04-02 00:00:00,2024-09-10 08:55:58,2024-09-10 08:55:58,https://exagri.info/mkt/2024/02.04.2024.html
national,1582.71,1582.71,1300.0,1275.0,2600.0,2286.4,2024-04-08 00:00:00,2024-09-10 09:14:38,2024-09-10 09:14:38,https://exagri.info/mkt/2024/08.04.2024.html
national,1574.54,1574.54,1300.0,1300.0,2600.0,2208.4,2024-04-16 00:00:00,2024-09-10 09:07:15,2024-09-10 09:07:15,https://exagri.info/mkt/2024/16.04.2024.html
national,1527.64,1527.64,1350.0,1300.0,2700.0,2324.2,2024-04-24 00:00:00,2024-09-10 09:17:30,2024-09-10 09:17:30,https://exagri.info/mkt/2024/24.04.2024.html
national,1535.36,1535.36,1600.0,1487.5,2700.0,2253.4,2024-04-30 00:00:00,2024-09-10 09:02:14,2024-09-10 09:02:14,https://exagri.info/mkt/2024/30.04.2024.html
national,1550.14,1550.14,1530.0,1407.5,2700.0,2295.2,2024-05-07 00:00:00,2024-09-10 09:01:14,2024-09-10 09:01:14,https://exagri.info/mkt/2024/07.05.2024.html
national,1571.57,1571.57,1450.0,1362.5,2700.0,2332.0,2024-05-14 00:00:00,2024-09-10 08:57:13,2024-09-10 08:57:13,https://exagri.info/mkt/2024/14.05.2024.html
national,1578.86,1578.86,1400.0,1300.0,2700.0,2302.0,2024-05-21 00:00:00,2024-09-10 09:21:07,2024-09-10 09:21:07,https://exagri.info/mkt/2024/21.05.2024.html
national,1607.07,1607.07,1500.0,1425.0,2600.0,2204.2,2024-05-28 00:00:00,2024-09-10 09:10:03,2024-09-10 09:10:03,https://exagri.info/mkt/2024/28.05.2024.html
national,1641.07,1641.07,1400.0,1400.0,2750.0,2300.0,2024-06-04 00:00:00,2024-09-10 09:03:56,2024-09-10 09:03:56,https://exagri.info/mkt/2024/04.06.2024.html
national,1771.29,1771.29,1500.0,1500.0,2700.0,2312.4,2024-06-11 00:00:00,2024-09-10 09:02:18,2024-09-10 09:02:18,https://exagri.info/mkt/2024/11.06.2024.html
national,1756.93,1756.93,1542.4755771618575,1535.7298094584817,2800.0,2312.0,2024-06-18 00:00:00,2024-09-10 08:56:59,2024-09-10 08:56:59,https://exagri.info/mkt/2024/18.06.2024.html
national,1783.69,1783.69,1612.721578383997,1597.7781241361781,2500.0,2309.6,2024-06-25 00:00:00,2024-09-10 09:03:08,2024-09-10 09:03:08,https://exagri.info/mkt/2024/25.06.2024.html
national,1792.79,1792.79,1600.0,1600.0,2750.0,2419.8,2024-07-02 00:00:00,2024-09-10 08:56:39,2024-09-10 08:56:39,https://exagri.info/mkt/2024/02.07.2024.html
national,1754.14,1754.14,1600.0,1600.0,2550.0,2318.6,2024-07-16 00:00:00,2024-09-10 08:52:39,2024-09-10 08:52:39,https://exagri.info/mkt/2024/16.07.2024.html
national,1721.43,1721.43,1400.0,1400.0,2600.0,2331.2,2024-07-23 00:00:00,2024-09-10 08:52:20,2024-09-10 08:52:20,https://exagri.info/mkt/2024/23.07.2024.html
national,1727.46,1727.46,1500.0,1500.0,2600.0,2317.2,2024-07-30 00:00:00,2024-09-10 09:18:08,2024-09-10 09:18:08,https://exagri.info/mkt/2024/30.07.2024.html
national,1752.64,1752.64,1700.0,1616.5,2700.0,2343.2,2024-08-06 00:00:00,2024-09-10 09:14:42,2024-09-10 09:14:42,https://exagri.info/mkt/2024/06.08.2024.html
national,1736.43,1736.43,1600.0,1600.0,2500.0,2302.4,2024-08-13 00:00:00,2024-09-10 09:09:35,2024-09-10 09:09:35,https://exagri.info/mkt/2024/13.08.2024.html
national,1737.07,1737.07,1700.0,1700.0,2800.0,2330.0,2024-08-20 00:00:00,2024-09-10 08:55:18,2024-09-10 08:55:18,https://exagri.info/mkt/2024/20.08.2024.html
national,1729.57,1729.57,1750.0,1750.0,2600.0,2266.4,2024-08-27 00:00:00,2024-09-10 09:04:15,2024-09-10 09:04:15,https://exagri.info/mkt/2024/27.08.2024.html
national,1737.14,1737.14,1700.0,1650.0,2500.0,2322.6,2024-09-03 00:00:00,2024-09-10 09:06:42,2024-09-10 09:06:42,https://exagri.info/mkt/2024/03.09.2024.html
